{
  "hash": "bd6cc8e6",
  "configHash": "8cdc98b0",
  "lockfileHash": "3e30b536",
<<<<<<< HEAD
  "browserHash": "0e0811fd",
  "optimized": {},
  "chunks": {}
=======
  "browserHash": "74015fe0",
  "optimized": {
    "react": {
      "src": "../../node_modules/react/index.js",
      "file": "react.js",
      "fileHash": "ec497df0",
      "needsInterop": true
    },
    "react-dom/client": {
      "src": "../../node_modules/react-dom/client.js",
      "file": "react-dom_client.js",
      "fileHash": "d80c254d",
      "needsInterop": true
    },
    "react-router": {
      "src": "../../node_modules/react-router/dist/development/index.mjs",
      "file": "react-router.js",
      "fileHash": "a576e5ca",
      "needsInterop": false
    }
  },
  "chunks": {
    "chunk-QS7ZE27V": {
      "file": "chunk-QS7ZE27V.js"
    },
    "chunk-OBOR3357": {
      "file": "chunk-OBOR3357.js"
    }
  }
>>>>>>> fe
}